game_id,game_order,event,site,date_played,round,white,black,result,white_elo,white_rating_diff,black_elo,black_rating_diff,white_title,black_title,winner,winner_elo,loser,loser_elo,winner_loser_elo_diff,eco,termination,time_control,utc_date,utc_time,variant,ply_count,date_created,file_name
859ad740-3e2b-460d-8519-2691331e8d59,1,Live Chess,Chess.com,2021.02.01,-,Gaurang010,jiit912,0-1,1053,,1072,,,,jiit912,1072,Gaurang010,1053,19,B30,jiit912 won on time,60,2021.02.01,04:47:53,,,2023-10-24T17:38:58+0000,jiit9122021-01.pgn
86154af8-5a4a-456b-8659-05f811aaa6ad,2,Live Chess,Chess.com,2021.01.31,-,sergio669,jiit912,0-1,1288,,1279,,,,jiit912,1279,sergio669,1288,-9,A04,jiit912 won by checkmate,600,2021.01.31,14:42:26,,,2023-10-24T17:38:58+0000,jiit9122021-01.pgn
c8cd87af-0940-48a2-857a-75db03391726,3,Live Chess,Chess.com,2021.01.31,-,jiit912,LocLicenziato,1-0,1064,,1032,,,,jiit912,1064,LocLicenziato,1032,32,D07,jiit912 won on time,60,2021.01.31,13:01:43,,,2023-10-24T17:38:58+0000,jiit9122021-01.pgn
e17fd1a4-944a-4efd-9048-b043963a4342,4,Live Chess,Chess.com,2021.01.30,-,jiit912,Vhrayvolo97,0-1,1056,,1073,,,,Vhrayvolo97,1073,jiit912,1056,17,A40,Vhrayvolo97 won on time,60,2021.01.30,19:05:23,,,2023-10-24T17:38:58+0000,jiit9122021-01.pgn
cec1335c-8cdd-4cec-ab5d-43e6883ccfc6,5,Live Chess,Chess.com,2021.01.30,-,percussivist,jiit912,0-1,1267,,1270,,,,jiit912,1270,percussivist,1267,3,B30,jiit912 won on time,600,2021.01.30,14:52:58,,,2023-10-24T17:38:58+0000,jiit9122021-01.pgn
e2595fe4-8952-4829-a15a-8f40f57b5914,6,Live Chess,Chess.com,2021.01.30,-,jiit912,biprajapati,1-0,1262,,1260,,,,jiit912,1262,biprajapati,1260,2,A40,jiit912 won on time,600,2021.01.30,14:38:18,,,2023-10-24T17:38:58+0000,jiit9122021-01.pgn
62f53b9b-e476-45be-9ecd-66c9cd008b8c,7,Live Chess,Chess.com,2021.01.29,-,AT_903,jiit912,1-0,1093,,1064,,,,AT_903,1093,jiit912,1064,29,A04,AT_903 won on time,60,2021.01.29,04:26:12,,,2023-10-24T17:38:58+0000,jiit9122021-01.pgn
29100396-4fec-4e5d-b257-aff74d405396,8,Live Chess,Chess.com,2021.01.29,-,MartinFTW,jiit912,0-1,1074,,1072,,,,jiit912,1072,MartinFTW,1074,-2,B21,jiit912 won by checkmate,60,2021.01.29,03:57:30,,,2023-10-24T17:38:58+0000,jiit9122021-01.pgn
aa4a72aa-17fd-412d-8af7-b245d3e1a8d0,9,Live Chess,Chess.com,2021.01.29,-,gmoneynumerouno,jiit912,1-0,1047,,1064,,,,gmoneynumerouno,1047,jiit912,1064,-17,B30,gmoneynumerouno won by checkmate,60,2021.01.29,03:56:06,,,2023-10-24T17:38:58+0000,jiit9122021-01.pgn
358974f3-1040-435e-b87e-e66201aa063e,10,Live Chess,Chess.com,2021.01.28,-,jiit912,TheMistaKenHands,1-0,1254,,1239,,,,jiit912,1254,TheMistaKenHands,1239,15,A40,jiit912 won on time,600,2021.01.28,13:40:46,,,2023-10-24T17:38:58+0000,jiit9122021-01.pgn
b03eb472-ccd4-450e-a66c-bbc763df5372,11,Live Chess,Chess.com,2021.01.28,-,jiit912,Jino87,0-1,1073,,1149,,,,Jino87,1149,jiit912,1073,76,A43,Jino87 won on time,60,2021.01.28,07:25:47,,,2023-10-24T17:38:58+0000,jiit9122021-01.pgn
842a8074-9348-45a1-811e-773ef2874b5b,12,Live Chess,Chess.com,2021.01.28,-,hungdikkdaddy,jiit912,0-1,1080,,1080,,,,jiit912,1080,hungdikkdaddy,1080,0,A43,jiit912 won by checkmate,60,2021.01.28,05:57:59,,,2023-10-24T17:38:58+0000,jiit9122021-01.pgn
574f60b4-a3d2-41cf-aa82-cd87113672ae,13,Live Chess,Chess.com,2021.01.28,-,jiit912,Soma_SYR,0-1,1072,,1089,,,,Soma_SYR,1089,jiit912,1072,17,E61,Soma_SYR won by checkmate,60,2021.01.28,05:53:52,,,2023-10-24T17:38:58+0000,jiit9122021-01.pgn
7ba99731-71b5-451e-9a96-f62c07a76f4f,14,Live Chess,Chess.com,2021.01.28,-,jiit912,Th3ROOKie,1-0,1080,,1105,,,,jiit912,1080,Th3ROOKie,1105,-25,A53,jiit912 won by checkmate,60,2021.01.28,05:51:53,,,2023-10-24T17:38:58+0000,jiit9122021-01.pgn
74ca89ae-f3c6-4d2c-b2c9-29ef62e48e62,15,Live Chess,Chess.com,2021.01.28,-,ThisIsTrue,jiit912,1-0,1123,,1071,,,,ThisIsTrue,1123,jiit912,1071,52,B21,ThisIsTrue won on time,60,2021.01.28,05:49:33,,,2023-10-24T17:38:58+0000,jiit9122021-01.pgn
5ae91c78-ff63-4810-bf66-dc8f7f1c3dea,16,Live Chess,Chess.com,2021.01.28,-,jiit912,ibayadzhiev,1-0,1078,,1056,,,,jiit912,1078,ibayadzhiev,1056,22,A40,jiit912 won on time,60,2021.01.28,05:47:14,,,2023-10-24T17:38:58+0000,jiit9122021-01.pgn
65cfb68e-7b17-41e6-9c1f-adc92578c70d,17,Live Chess,Chess.com,2021.01.28,-,HarryBalsonnya,jiit912,1-0,1079,,1070,,,,HarryBalsonnya,1079,jiit912,1070,9,B30,HarryBalsonnya won on time,60,2021.01.28,05:44:52,,,2023-10-24T17:38:58+0000,jiit9122021-01.pgn
56068217-c1dc-400d-8bdf-f3bca62b7458,18,Live Chess,Chess.com,2021.01.27,-,jiit912,Clau2004221,0-1,1246,,1245,,,,Clau2004221,1245,jiit912,1246,-1,D00,Clau2004221 won - game abandoned,600,2021.01.27,14:52:43,,,2023-10-24T17:38:58+0000,jiit9122021-01.pgn
5e0b3dc1-843d-4abd-948d-4109868319c4,19,Live Chess,Chess.com,2021.01.27,-,morgiq,jiit912,1-0,1078,,1079,,,,morgiq,1078,jiit912,1079,-1,B22,morgiq won on time,60,2021.01.27,05:38:31,,,2023-10-24T17:38:58+0000,jiit9122021-01.pgn
0dbd482b-7741-4a9e-ad64-f1d2e0c86457,20,Live Chess,Chess.com,2021.01.27,-,jiit912,eric-ams,0-1,1087,,1140,,,,eric-ams,1140,jiit912,1087,53,D06,eric-ams won on time,60,2021.01.27,05:35:41,,,2023-10-24T17:38:58+0000,jiit9122021-01.pgn
41048b50-41a4-4748-b7eb-835df6d84b1a,21,Live Chess,Chess.com,2021.01.26,-,ArtRudd,jiit912,1-0,1286,,1254,,,,ArtRudd,1286,jiit912,1254,32,B30,ArtRudd won by resignation,600,2021.01.26,13:37:41,,,2023-10-24T17:38:58+0000,jiit9122021-01.pgn
fc33bc93-380f-4900-a4fc-348b9af014e5,22,Live Chess,Chess.com,2021.01.26,-,jiit912,Mr_Ziko,0-1,1262,,1311,,,,Mr_Ziko,1311,jiit912,1262,49,D20,Mr_Ziko won by resignation,600,2021.01.26,06:42:17,,,2023-10-24T17:38:58+0000,jiit9122021-01.pgn
26bc5126-5f5e-4da9-b2f1-967fd6cb1a5b,23,Live Chess,Chess.com,2021.01.25,-,sandroyreer,jiit912,1-0,1295,,1269,,,,sandroyreer,1295,jiit912,1269,26,B20,sandroyreer won by checkmate,600,2021.01.25,14:16:05,,,2023-10-24T17:38:58+0000,jiit9122021-01.pgn
6ba9cfc6-eb60-4430-a6e0-4ff18b0b48f5,24,Live Chess,Chess.com,2021.01.25,-,jiit912,BagaU67,1-0,1277,,1297,,,,jiit912,1277,BagaU67,1297,-20,E61,jiit912 won by resignation,600,2021.01.25,13:58:01,,,2023-10-24T17:38:58+0000,jiit9122021-01.pgn
1f235d99-da27-468a-974a-2a062e0ce1d5,25,Live Chess,Chess.com,2021.01.25,-,PKSingh23,jiit912,1-0,1287,,1268,,,,PKSingh23,1287,jiit912,1268,19,B20,PKSingh23 won by resignation,600,2021.01.25,13:51:50,,,2023-10-24T17:38:58+0000,jiit9122021-01.pgn
a1c54e09-1a6b-4676-ba7c-ce10b3ce867c,26,Live Chess,Chess.com,2021.01.25,-,RENE2610,jiit912,0-1,1235,,1276,,,,jiit912,1276,RENE2610,1235,41,B23,jiit912 won by resignation,600,2021.01.25,05:34:12,,,2023-10-24T17:38:58+0000,jiit9122021-01.pgn
ddea2004-ea02-4b60-b26d-9a38c9be0312,27,Live Chess,Chess.com,2021.01.24,-,jiit912,EATG,1-0,1269,,1259,,,,jiit912,1269,EATG,1259,10,D20,jiit912 won by checkmate,600,2021.01.24,19:34:02,,,2023-10-24T17:38:58+0000,jiit9122021-01.pgn
8468973e-c2f0-4af4-a71b-b0b834e5c091,28,Live Chess,Chess.com,2021.01.24,-,surraiya0,jiit912,0-1,1259,,1261,,,,jiit912,1261,surraiya0,1259,2,B50,jiit912 won by resignation,600,2021.01.24,19:29:21,,,2023-10-24T17:38:58+0000,jiit9122021-01.pgn
54d89bac-a824-4e92-95c4-ff13f25fb9af,29,Live Chess,Chess.com,2021.01.23,-,jiit912,Laconfer,1-0,1253,,1218,,,,jiit912,1253,Laconfer,1218,35,D31,jiit912 won by resignation,600,2021.01.23,20:20:49,,,2023-10-24T17:38:58+0000,jiit9122021-01.pgn
db1b0a69-1b5d-47ef-9445-c6c3e42e64f2,30,Live Chess,Chess.com,2021.01.23,-,tomer2ber,jiit912,1-0,972,,1128,,,,tomer2ber,972,jiit912,1128,-156,B27,tomer2ber won by resignation,180+2,2021.01.23,13:52:25,,,2023-10-24T17:38:58+0000,jiit9122021-01.pgn
ebc2a762-81e6-4a95-8d4c-a330bc180673,31,Live Chess,Chess.com,2021.01.23,-,jiit912,FrenchL3gend,0-1,1140,,1130,,,,FrenchL3gend,1130,jiit912,1140,-10,D30,FrenchL3gend won by resignation,180+2,2021.01.23,13:48:17,,,2023-10-24T17:38:58+0000,jiit9122021-01.pgn
3232602b-b525-4287-acb7-13b0f1d66bd8,32,Live Chess,Chess.com,2021.01.23,-,jiit912,ayush_0812,1-0,1149,,1027,,,,jiit912,1149,ayush_0812,1027,122,E20,jiit912 won by checkmate,180+2,2021.01.23,13:38:38,,,2023-10-24T17:38:58+0000,jiit9122021-01.pgn
ce2e66c9-3d90-4780-a2d5-0be2a437a743,33,Live Chess,Chess.com,2021.01.23,-,TheTeluguGuy,jiit912,0-1,1198,,1143,,,,jiit912,1143,TheTeluguGuy,1198,-55,B30,jiit912 won by checkmate,180+2,2021.01.23,13:30:43,,,2023-10-24T17:38:58+0000,jiit9122021-01.pgn
23d4552b-4b15-4b20-9708-84c223ce457a,34,Live Chess,Chess.com,2021.01.23,-,jiit912,Szstanki,0-1,1245,,1291,,,,Szstanki,1291,jiit912,1245,46,D20,Szstanki won by resignation,600,2021.01.23,05:51:56,,,2023-10-24T17:38:58+0000,jiit9122021-01.pgn
38e76bdd-6059-4049-991e-8413fba913b3,35,Live Chess,Chess.com,2021.01.22,-,roryisaturnip,jiit912,1-0,1283,,1252,,,,roryisaturnip,1283,jiit912,1252,31,B53,roryisaturnip won by resignation,600,2021.01.22,15:00:03,,,2023-10-24T17:38:58+0000,jiit9122021-01.pgn
8122918a-0728-4a04-825e-3cda9c7977de,36,Live Chess,Chess.com,2021.01.22,-,jiit912,AdvithJ,1-0,1260,,1291,,,,jiit912,1260,AdvithJ,1291,-31,D20,jiit912 won by resignation,600,2021.01.22,14:53:23,,,2023-10-24T17:38:58+0000,jiit9122021-01.pgn
91bafde9-c049-4eac-9203-06ab471a88e0,37,Live Chess,Chess.com,2021.01.21,-,matias622,jiit912,0-1,1064,,1094,,,,jiit912,1094,matias622,1064,30,B20,jiit912 won on time,60,2021.01.21,06:32:35,,,2023-10-24T17:38:58+0000,jiit9122021-01.pgn
b3c00b2e-c6d2-41e3-91cf-935c4f3e658e,38,Live Chess,Chess.com,2021.01.21,-,Smaug1000,jiit912,1-0,1114,,1086,,,,Smaug1000,1114,jiit912,1086,28,B23,Smaug1000 won by checkmate,60,2021.01.21,06:30:01,,,2023-10-24T17:38:58+0000,jiit9122021-01.pgn
5136109c-1598-4bd2-98a2-2b2f4d2d8751,39,Live Chess,Chess.com,2021.01.21,-,jiit912,Osbelre,1-0,1094,,1097,,,,jiit912,1094,Osbelre,1097,-3,A40,jiit912 won on time,60,2021.01.21,06:27:38,,,2023-10-24T17:38:58+0000,jiit9122021-01.pgn
c7ac55cf-adab-4b12-947e-d54351fe5d3a,40,Live Chess,Chess.com,2021.01.21,-,bobdabuilder8989,jiit912,0-1,1050,,1086,,,,jiit912,1086,bobdabuilder8989,1050,36,B50,jiit912 won by checkmate,60,2021.01.21,06:25:38,,,2023-10-24T17:38:58+0000,jiit9122021-01.pgn
8ef43ad3-ba20-457c-bc2c-503d60ff2cb5,41,Live Chess,Chess.com,2021.01.21,-,highbp2,jiit912,1-0,1130,,1079,,,,highbp2,1130,jiit912,1079,51,B50,highbp2 won by resignation,60,2021.01.21,06:24:10,,,2023-10-24T17:38:58+0000,jiit9122021-01.pgn
a3540161-85c1-48b1-8517-f0ab2c55108d,42,Live Chess,Chess.com,2021.01.21,-,jiit912,tracina,1-0,1086,,1045,,,,jiit912,1086,tracina,1045,41,D06,jiit912 won on time,60,2021.01.21,06:21:44,,,2023-10-24T17:38:58+0000,jiit9122021-01.pgn
24d5db4f-be99-439d-9db1-0699b0d0b759,43,Live Chess,Chess.com,2021.01.20,-,jiit912,Goldy2485,1-0,1251,,1175,,,,jiit912,1251,Goldy2485,1175,76,D20,jiit912 won by resignation,600,2021.01.20,15:09:54,,,2023-10-24T17:38:58+0000,jiit9122021-01.pgn
59ae30cb-61df-4d18-9869-77e524d59ecf,44,Live Chess,Chess.com,2021.01.20,-,jiit912,alexhalfpie,0-1,1243,,1258,,,,alexhalfpie,1258,jiit912,1243,15,A40,alexhalfpie won by resignation,600,2021.01.20,15:08:32,,,2023-10-24T17:38:58+0000,jiit9122021-01.pgn
b93c3c0e-cc12-4820-b000-02af04602910,45,Live Chess,Chess.com,2021.01.20,-,jiit912,joeones,1-0,1251,,1234,,,,jiit912,1251,joeones,1234,17,D20,jiit912 won by checkmate,600,2021.01.20,14:59:37,,,2023-10-24T17:38:58+0000,jiit9122021-01.pgn
877b691d-88bc-4987-b719-53e4f8e84fff,46,Live Chess,Chess.com,2021.01.20,-,qwerty22022,jiit912,1-0,1032,,1079,,,,qwerty22022,1032,jiit912,1079,-47,A43,qwerty22022 won on time,60,2021.01.20,14:57:24,,,2023-10-24T17:38:58+0000,jiit9122021-01.pgn
c30af332-8260-4fe3-bf3f-84daebce65da,47,Live Chess,Chess.com,2021.01.20,-,jiit912,jptayala345646,1-0,1089,,1060,,,,jiit912,1089,jptayala345646,1060,29,D20,jiit912 won by checkmate,60,2021.01.20,06:06:19,,,2023-10-24T17:38:58+0000,jiit9122021-01.pgn
4f788efa-7dfe-4135-9def-9268c171b160,48,Live Chess,Chess.com,2021.01.20,-,sofia1771,jiit912,0-1,1041,,1081,,,,jiit912,1081,sofia1771,1041,40,A00,jiit912 won on time,60,2021.01.20,06:04:10,,,2023-10-24T17:38:58+0000,jiit9122021-01.pgn
4592aba7-cedb-4304-a09a-1ea1ee6dc380,49,Live Chess,Chess.com,2021.01.20,-,JohnShin126,jiit912,1-0,1092,,1074,,,,JohnShin126,1092,jiit912,1074,18,A43,JohnShin126 won on time,60,2021.01.20,06:01:50,,,2023-10-24T17:38:58+0000,jiit9122021-01.pgn
c1e8687c-3dd0-49d3-831e-45c256b68f25,50,Live Chess,Chess.com,2021.01.20,-,jiit912,Switchance,1-0,1082,,931,,,,jiit912,1082,Switchance,931,151,D06,jiit912 won on time,60,2021.01.20,05:59:47,,,2023-10-24T17:38:58+0000,jiit9122021-01.pgn
00d400c1-5b5b-4612-a5b1-197dfac4fbf4,51,Live Chess,Chess.com,2021.01.20,-,meetrajsinh19,jiit912,0-1,1099,,1074,,,,jiit912,1074,meetrajsinh19,1099,-25,B50,jiit912 won by checkmate,60,2021.01.20,05:58:50,,,2023-10-24T17:38:58+0000,jiit9122021-01.pgn
372fc33a-f2df-464f-b369-c6e68a695a1f,52,Live Chess,Chess.com,2021.01.20,-,Supermike193,jiit912,0-1,1026,,1065,,,,jiit912,1065,Supermike193,1026,39,B20,jiit912 won on time,60,2021.01.20,05:56:22,,,2023-10-24T17:38:58+0000,jiit9122021-01.pgn
b4f678b5-c478-43c9-8ef6-dbd270089fd2,53,Live Chess,Chess.com,2021.01.20,-,Tor685,jiit912,0-1,1068,,1058,,,,jiit912,1058,Tor685,1068,-10,A43,jiit912 won on time,60,2021.01.20,05:54:07,,,2023-10-24T17:38:58+0000,jiit9122021-01.pgn
b29b70f6-ba40-4b22-b097-38ab83795dcc,54,Live Chess,Chess.com,2021.01.20,-,jiit912,mossy268,0-1,1049,,1065,,,,mossy268,1065,jiit912,1049,16,D10,mossy268 won on time,60,2021.01.20,05:51:05,,,2023-10-24T17:38:58+0000,jiit9122021-01.pgn
79395094-e3cf-42c0-99ef-25aff3a7de7e,55,Live Chess,Chess.com,2021.01.19,-,JLCC10,jiit912,0-1,1206,,1243,,,,jiit912,1243,JLCC10,1206,37,B50,jiit912 won by resignation,600,2021.01.19,18:02:26,,,2023-10-24T17:38:58+0000,jiit9122021-01.pgn
0f443929-931c-44bf-9244-16cce90f0700,56,Live Chess,Chess.com,2021.01.19,-,jiit912,JLCC10,0-1,1235,,1214,,,,JLCC10,1214,jiit912,1235,-21,D10,JLCC10 won by checkmate,600,2021.01.19,17:50:30,,,2023-10-24T17:38:58+0000,jiit9122021-01.pgn
f263f536-908c-48b5-b0ac-b7b2ae9b9f04,57,Live Chess,Chess.com,2021.01.19,-,jiit912,Garson501,1-0,1057,,1028,,,,jiit912,1057,Garson501,1028,29,A40,jiit912 won on time,60,2021.01.19,06:07:35,,,2023-10-24T17:38:58+0000,jiit9122021-01.pgn
ed245b69-1000-45ee-bc5b-f3f941ffeceb,58,Live Chess,Chess.com,2021.01.19,-,jiit912,deudas,0-1,1049,,1036,,,,deudas,1036,jiit912,1049,-13,D20,deudas won on time,60,2021.01.19,06:05:05,,,2023-10-24T17:38:58+0000,jiit9122021-01.pgn
7c13956b-e322-41e4-83f2-8687cd18c9d1,59,Live Chess,Chess.com,2021.01.19,-,jiit912,emazing19,1-0,1058,,1032,,,,jiit912,1058,emazing19,1032,26,A40,jiit912 won on time,60,2021.01.19,06:02:47,,,2023-10-24T17:38:58+0000,jiit9122021-01.pgn
6213cdcc-1458-4e8e-bebf-6f8fd60d19a4,60,Live Chess,Chess.com,2021.01.19,-,Spartan7878,jiit912,0-1,1055,,1050,,,,jiit912,1050,Spartan7878,1055,-5,A00,jiit912 won on time,60,2021.01.19,05:10:33,,,2023-10-24T17:38:58+0000,jiit9122021-01.pgn
f09c4ca9-3c75-4b3d-bfb4-e68a78b63475,61,Live Chess,Chess.com,2021.01.19,-,Abhi474,jiit912,0-1,980,,1041,,,,jiit912,1041,Abhi474,980,61,B50,jiit912 won on time,60,2021.01.19,05:08:24,,,2023-10-24T17:38:58+0000,jiit9122021-01.pgn
059b046c-36b8-461a-9170-504bb34494cd,62,Live Chess,Chess.com,2021.01.18,-,jiit912,nikhilrocky,1-0,1244,,1253,,,,jiit912,1244,nikhilrocky,1253,-9,A43,jiit912 won by checkmate,600,2021.01.18,13:17:21,,,2023-10-24T17:38:58+0000,jiit9122021-01.pgn
697995a4-1c54-4814-bc3f-06488865a923,63,Live Chess,Chess.com,2021.01.17,-,wmpf,jiit912,1-0,1052,,1033,,,,wmpf,1052,jiit912,1033,19,B21,wmpf won on time,60,2021.01.17,15:05:43,,,2023-10-24T17:38:58+0000,jiit9122021-01.pgn
8650d805-a27a-48f6-932b-9c587b026558,64,Live Chess,Chess.com,2021.01.17,-,SuicidalPawnBR,jiit912,1-0,1063,,1042,,,,SuicidalPawnBR,1063,jiit912,1042,21,A00,SuicidalPawnBR won by resignation,60,2021.01.17,15:03:44,,,2023-10-24T17:38:58+0000,jiit9122021-01.pgn
fe5d852e-8e24-4f79-b877-9727e757865a,65,Live Chess,Chess.com,2021.01.17,-,jiit912,Amir698,1-0,1235,,1236,,,,jiit912,1235,Amir698,1236,-1,D20,jiit912 won by resignation,600,2021.01.17,14:36:49,,,2023-10-24T17:38:58+0000,jiit9122021-01.pgn
02b3d6b6-a1bc-46a4-9e12-96f696d0c4e7,66,Live Chess,Chess.com,2021.01.16,-,Tanishv1234,jiit912,1-0,1193,,1133,,,,Tanishv1234,1193,jiit912,1133,60,B50,Tanishv1234 won by checkmate,180+2,2021.01.16,14:02:29,,,2023-10-24T17:38:58+0000,jiit9122021-01.pgn
b3d95167-c2ab-4422-b21a-9d74ba6722c3,67,Live Chess,Chess.com,2021.01.16,-,jiit912,Wolowitz_007,1-0,1140,,1204,,,,jiit912,1140,Wolowitz_007,1204,-64,D30,jiit912 won by resignation,180+2,2021.01.16,13:53:44,,,2023-10-24T17:38:58+0000,jiit9122021-01.pgn
23d9379d-5d6e-4501-988b-47c4b0157da8,68,Live Chess,Chess.com,2021.01.16,-,jiit912,FrenchL3gend,0-1,1130,,1125,,,,FrenchL3gend,1125,jiit912,1130,-5,D30,FrenchL3gend won by checkmate,180+2,2021.01.16,13:43:00,,,2023-10-24T17:38:58+0000,jiit9122021-01.pgn
1ed7d89d-a2c0-4029-9ad0-267511b38d27,69,Live Chess,Chess.com,2021.01.16,-,LalichitiYash,jiit912,0-1,541,,1139,,,,jiit912,1139,LalichitiYash,541,598,B20,jiit912 won by checkmate,180+2,2021.01.16,13:32:33,,,2023-10-24T17:38:58+0000,jiit9122021-01.pgn
e9c3ae5e-ae4f-4cf6-b133-62fcc2a6c528,70,Live Chess,Chess.com,2021.01.16,-,jiit912,aman359,0-1,1138,,1086,,,,aman359,1086,jiit912,1138,-52,D06,aman359 won by checkmate,180+2,2021.01.16,13:21:50,,,2023-10-24T17:38:58+0000,jiit9122021-01.pgn
6487cdc5-ff0d-4e9b-9f53-6fc16628505f,71,Live Chess,Chess.com,2021.01.16,-,The_Venom_fire,jiit912,0-1,1021,,1148,,,,jiit912,1148,The_Venom_fire,1021,127,B50,jiit912 won by checkmate,180+2,2021.01.16,13:11:52,,,2023-10-24T17:38:58+0000,jiit9122021-01.pgn
93aabba6-87ad-4aff-857e-7e209cd1d624,72,Live Chess,Chess.com,2021.01.16,-,jiit912,Sethji333,0-1,1143,,1269,,,,Sethji333,1269,jiit912,1143,126,A43,Sethji333 won by resignation,180+2,2021.01.16,13:00:30,,,2023-10-24T17:38:58+0000,jiit9122021-01.pgn
4913bd94-eb79-47db-b741-725068299d20,73,Live Chess,Chess.com,2021.01.16,-,jiit912,AndrewFitanides,1-0,1227,,1200,,,,jiit912,1227,AndrewFitanides,1200,27,A40,jiit912 won by resignation,600,2021.01.16,05:50:53,,,2023-10-24T17:38:58+0000,jiit9122021-01.pgn
5dcb17e3-05e7-4e81-8813-34567f036c0f,74,Live Chess,Chess.com,2021.01.15,-,Sharva01,jiit912,0-1,1097,,1148,,,,jiit912,1148,Sharva01,1097,51,B50,jiit912 won by resignation,300,2021.01.15,09:45:08,,,2023-10-24T17:38:58+0000,jiit9122021-01.pgn
c0ae08b2-a761-48fc-ac53-3ab7e8256a16,75,Live Chess,Chess.com,2021.01.15,-,andybaby58,jiit912,0-1,1186,,1219,,,,jiit912,1219,andybaby58,1186,33,B22,jiit912 won by resignation,600,2021.01.15,08:08:37,,,2023-10-24T17:38:58+0000,jiit9122021-01.pgn
78de6153-c10f-4edf-9b32-25ac7e1ea345,76,Live Chess,Chess.com,2021.01.15,-,jiit912,lardfarquaad,0-1,1141,,1202,,,,lardfarquaad,1202,jiit912,1141,61,A40,lardfarquaad won on time,300,2021.01.15,07:58:42,,,2023-10-24T17:38:58+0000,jiit9122021-01.pgn
51b31af0-d070-4382-825e-afa402c55b28,77,Live Chess,Chess.com,2021.01.14,-,jiit912,ARO-XACH1972,0-1,1148,,1163,,,,ARO-XACH1972,1163,jiit912,1148,15,D10,ARO-XACH1972 won by checkmate,300,2021.01.14,15:29:36,,,2023-10-24T17:38:58+0000,jiit9122021-01.pgn
8db09ced-a8ab-4193-aa4b-0a20525bfcc8,78,Live Chess,Chess.com,2021.01.14,-,jiit912,AkashMalhotra1993,1-0,1211,,1206,,,,jiit912,1211,AkashMalhotra1993,1206,5,D20,jiit912 won on time,600,2021.01.14,14:08:09,,,2023-10-24T17:38:58+0000,jiit9122021-01.pgn
8160c6b0-93f7-45f8-a687-5a95097885b7,79,Live Chess,Chess.com,2021.01.14,-,sbenatti1,jiit912,0-1,1222,,1203,,,,jiit912,1203,sbenatti1,1222,-19,B21,jiit912 won by resignation,600,2021.01.14,13:34:26,,,2023-10-24T17:38:58+0000,jiit9122021-01.pgn
1b3270c8-c00f-4aaa-98ec-8b02eeb25193,80,Live Chess,Chess.com,2021.01.14,-,chessdid01,jiit912,0-1,1201,,1194,,,,jiit912,1194,chessdid01,1201,-7,A43,jiit912 won by checkmate,600,2021.01.14,10:45:12,,,2023-10-24T17:38:58+0000,jiit9122021-01.pgn
17f3d6c5-402c-49f4-8233-7532da9da1ea,81,Live Chess,Chess.com,2021.01.14,-,jiit912,wepen33,1-0,1185,,1157,,,,jiit912,1185,wepen33,1157,28,D20,jiit912 won by resignation,600,2021.01.14,09:19:15,,,2023-10-24T17:38:58+0000,jiit9122021-01.pgn
3a801668-c7ed-4289-9eb9-8fc670b8621b,82,Live Chess,Chess.com,2021.01.14,-,jiit912,HerieDeco,1-0,1177,,1174,,,,jiit912,1177,HerieDeco,1174,3,D20,jiit912 won by resignation,600,2021.01.14,09:14:46,,,2023-10-24T17:38:58+0000,jiit9122021-01.pgn
1079a766-88e8-4051-9428-085f08a7d1ad,83,Live Chess,Chess.com,2021.01.14,-,SashaChovgan,jiit912,0-1,1145,,1169,,,,jiit912,1169,SashaChovgan,1145,24,B50,jiit912 won by resignation,600,2021.01.14,09:11:03,,,2023-10-24T17:38:58+0000,jiit9122021-01.pgn
ebc35e67-49f9-4c8f-bf27-17032c53c984,84,Live Chess,Chess.com,2021.01.13,-,jiit912,BratMorel,1-0,1161,,1185,,,,jiit912,1161,BratMorel,1185,-24,E00,jiit912 won by resignation,600,2021.01.13,15:05:51,,,2023-10-24T17:38:58+0000,jiit9122021-01.pgn
32a5426b-2d9e-478d-a4f7-a2da15768220,85,Live Chess,Chess.com,2021.01.12,-,eduardolorenzini,jiit912,0-1,1159,,1152,,,,jiit912,1152,eduardolorenzini,1159,-7,A43,jiit912 won by resignation,600,2021.01.12,06:30:36,,,2023-10-24T17:38:58+0000,jiit9122021-01.pgn
dfa5a815-f7aa-4c8e-9e39-e28df20448bf,86,Live Chess,Chess.com,2021.01.12,-,ftimokhov,jiit912,0-1,1082,,1143,,,,jiit912,1143,ftimokhov,1082,61,A40,jiit912 won on time,600,2021.01.12,06:16:00,,,2023-10-24T17:38:58+0000,jiit9122021-01.pgn
247d0f09-081e-4e67-a675-89e2d7019b71,87,Live Chess,Chess.com,2021.01.11,-,Mclaren99,jiit912,1-0,1149,,1136,,,,Mclaren99,1149,jiit912,1136,13,B50,Mclaren99 won by resignation,600,2021.01.11,06:21:04,,,2023-10-24T17:38:58+0000,jiit9122021-01.pgn
572e83a8-f597-49d7-8998-74636ecffe04,88,Live Chess,Chess.com,2021.01.11,-,jiit912,BarnyardBasher,0-1,1144,,1132,,,,BarnyardBasher,1132,jiit912,1144,-12,D32,BarnyardBasher won by resignation,600,2021.01.11,06:09:43,,,2023-10-24T17:38:58+0000,jiit9122021-01.pgn
6b3d878f-0722-4a06-bb8c-ecbbd4204341,89,Live Chess,Chess.com,2021.01.09,-,Farshadmr7,jiit912,0-1,1178,,1153,,,,jiit912,1153,Farshadmr7,1178,-25,A43,jiit912 won by checkmate,600,2021.01.09,19:08:40,,,2023-10-24T17:38:58+0000,jiit9122021-01.pgn
42986225-da62-4b38-a80c-bade17bc3400,90,Live Chess,Chess.com,2021.01.09,-,jiit912,teyi11,1-0,1144,,1125,,,,jiit912,1144,teyi11,1125,19,D20,jiit912 won by resignation,600,2021.01.09,13:21:50,,,2023-10-24T17:38:59+0000,jiit9122021-01.pgn
584ddb83-1eb8-486a-bf11-ebd43b5262c2,91,Live Chess,Chess.com,2021.01.09,-,JavierVlaC,jiit912,1-0,1135,,1136,,,,JavierVlaC,1135,jiit912,1136,-1,A01,JavierVlaC won by resignation,600,2021.01.09,05:39:08,,,2023-10-24T17:38:59+0000,jiit9122021-01.pgn
e3f38428-e28b-4f57-bb68-cf9ffebb20c8,92,Live Chess,Chess.com,2021.01.08,-,jiit912,Wijaya168,0-1,1144,,1143,,,,Wijaya168,1143,jiit912,1144,-1,A40,Wijaya168 won by checkmate,600,2021.01.08,14:41:07,,,2023-10-24T17:38:59+0000,jiit9122021-01.pgn
904c9fc3-54c5-4ec1-b61e-7d20babebde2,93,Live Chess,Chess.com,2021.01.08,-,jiit912,princeofphysics,1-0,1153,,1139,,,,jiit912,1153,princeofphysics,1139,14,A40,jiit912 won by resignation,600,2021.01.08,14:36:24,,,2023-10-24T17:38:59+0000,jiit9122021-01.pgn
755c96fa-e9b3-477f-8e3f-d6fac137c299,94,Live Chess,Chess.com,2021.01.08,-,jiit912,Seldom29,1/2-1/2,1145,,1127,,,,draw,,draw,,0,D30,Game drawn by insufficient material,600,2021.01.08,05:33:12,,,2023-10-24T17:38:59+0000,jiit9122021-01.pgn
4c330af0-a1a9-4d72-be7d-93dd62eb2499,95,Live Chess,Chess.com,2021.01.08,-,pistolp333,jiit912,0-1,1102,,1145,,,,jiit912,1145,pistolp333,1102,43,B20,jiit912 won by checkmate,600,2021.01.08,05:31:35,,,2023-10-24T17:38:59+0000,jiit9122021-01.pgn
d315fe72-6dd3-4191-a918-6bad8e835899,96,Live Chess,Chess.com,2021.01.07,-,jiit912,drekavaciztunela3924,1-0,1138,,1127,,,,jiit912,1138,drekavaciztunela3924,1127,11,D20,jiit912 won by resignation,600,2021.01.07,14:15:49,,,2023-10-24T17:38:59+0000,jiit9122021-01.pgn
d838cf7f-ef96-403a-864c-c66c99360d1f,97,Live Chess,Chess.com,2021.01.07,-,zijo12,jiit912,1-0,1164,,1130,,,,zijo12,1164,jiit912,1130,34,A43,zijo12 won by resignation,600,2021.01.07,14:08:49,,,2023-10-24T17:38:59+0000,jiit9122021-01.pgn
3c2a049b-56e4-411d-b1e4-92dca4dd7c6f,98,Live Chess,Chess.com,2021.01.06,-,aditya16340,jiit912,1-0,1175,,1138,,,,aditya16340,1175,jiit912,1138,37,B50,aditya16340 won by checkmate,600,2021.01.06,18:09:41,,,2023-10-24T17:38:59+0000,jiit9122021-01.pgn
a6ec2c5f-8b5c-4857-9cd6-3aed33a21fe1,99,Live Chess,Chess.com,2021.01.06,-,rdj_chess,jiit912,0-1,1092,,1146,,,,jiit912,1146,rdj_chess,1092,54,B20,jiit912 won by resignation,600,2021.01.06,06:45:21,,,2023-10-24T17:38:59+0000,jiit9122021-01.pgn
e331c735-e22a-4948-9ab2-d0981cff6412,100,Live Chess,Chess.com,2021.01.06,-,jiit912,damoun_moghaddam,1-0,1139,,1086,,,,jiit912,1139,damoun_moghaddam,1086,53,D20,jiit912 won by resignation,600,2021.01.06,04:51:45,,,2023-10-24T17:38:59+0000,jiit9122021-01.pgn
5d22f01d-37de-4a13-8488-dc0d9003a04b,101,Live Chess,Chess.com,2021.01.05,-,dtanov,jiit912,0-1,1106,,1132,,,,jiit912,1132,dtanov,1106,26,B21,jiit912 won by resignation,600,2021.01.05,14:40:53,,,2023-10-24T17:38:59+0000,jiit9122021-01.pgn
206d74cf-951d-45bc-a60c-0e4e9911faee,102,Live Chess,Chess.com,2021.01.05,-,jiit912,pierresamson185,0-1,1124,,1146,,,,pierresamson185,1146,jiit912,1124,22,D00,pierresamson185 won by resignation,600,2021.01.05,05:15:08,,,2023-10-24T17:38:59+0000,jiit9122021-01.pgn
4ef5c202-3dca-46c1-b8ce-06d28791ffb4,103,Live Chess,Chess.com,2021.01.04,-,jiit912,ericlyeb2004,1-0,1132,,1103,,,,jiit912,1132,ericlyeb2004,1103,29,E00,jiit912 won by resignation,600,2021.01.04,19:04:47,,,2023-10-24T17:38:59+0000,jiit9122021-01.pgn
b8403280-81fe-4741-98c2-8511b57715f0,104,Live Chess,Chess.com,2021.01.04,-,Hieusbui,jiit912,1-0,1150,,1124,,,,Hieusbui,1150,jiit912,1124,26,A41,Hieusbui won by resignation,600,2021.01.04,12:48:38,,,2023-10-24T17:38:59+0000,jiit9122021-01.pgn
0979cf90-b59c-4d14-ae04-cab07fd1765d,105,Live Chess,Chess.com,2021.01.04,-,jiit912,jonathankol,1-0,1132,,1080,,,,jiit912,1132,jonathankol,1080,52,D20,jiit912 won by resignation,600,2021.01.04,06:37:11,,,2023-10-24T17:38:59+0000,jiit9122021-01.pgn
c7b60266-0c23-498e-b5ee-de4eff8b780c,106,Live Chess,Chess.com,2021.01.03,-,jiit912,lucass1995,1-0,1125,,1071,,,,jiit912,1125,lucass1995,1071,54,D20,jiit912 won by checkmate,600,2021.01.03,15:16:27,,,2023-10-24T17:38:59+0000,jiit9122021-01.pgn
65fd5e73-efff-4a28-952c-a27387e4e93d,107,Live Chess,Chess.com,2021.01.03,-,berner2,jiit912,1-0,1125,,1118,,,,berner2,1125,jiit912,1118,7,B21,berner2 won by resignation,600,2021.01.03,13:52:42,,,2023-10-24T17:38:59+0000,jiit9122021-01.pgn
19317450-0456-44a4-a8c0-721382af4951,108,Live Chess,Chess.com,2021.01.03,-,KK738,jiit912,1-0,1141,,1126,,,,KK738,1141,jiit912,1126,15,B50,KK738 won by resignation,600,2021.01.03,13:34:38,,,2023-10-24T17:38:59+0000,jiit9122021-01.pgn
34ad370d-8cda-44b2-b126-018917d2caf5,109,Live Chess,Chess.com,2021.01.03,-,jiit912,Nagycim,1-0,1134,,1098,,,,jiit912,1134,Nagycim,1098,36,D06,jiit912 won by checkmate,600,2021.01.03,13:25:13,,,2023-10-24T17:38:59+0000,jiit9122021-01.pgn
61e35669-6b58-4cec-91f4-0d4c308dc110,110,Live Chess,Chess.com,2021.01.03,-,jiit912,ig1982,1-0,1127,,1117,,,,jiit912,1127,ig1982,1117,10,D06,jiit912 won by resignation,600,2021.01.03,12:46:42,,,2023-10-24T17:38:59+0000,jiit9122021-01.pgn
24e953f2-b3de-4293-84fc-d431a8fae7de,111,Live Chess,Chess.com,2021.01.02,-,Icenfirek,jiit912,0-1,1135,,1119,,,,jiit912,1119,Icenfirek,1135,-16,A04,jiit912 won by resignation,600,2021.01.02,06:14:06,,,2023-10-24T17:38:59+0000,jiit9122021-01.pgn
50049772-d3b8-4819-91f7-618b9e72e38c,112,Live Chess,Chess.com,2021.01.02,-,petesiler,jiit912,0-1,1050,,1110,,,,jiit912,1110,petesiler,1050,60,B20,jiit912 won by resignation,600,2021.01.02,05:51:08,,,2023-10-24T17:38:59+0000,jiit9122021-01.pgn
9a9ed4de-2a0a-40f4-ad6e-c4a65373801f,113,Live Chess,Chess.com,2021.01.01,-,jiit912,Sallar96,1-0,1103,,1063,,,,jiit912,1103,Sallar96,1063,40,D10,jiit912 won by resignation,600,2021.01.01,19:13:21,,,2023-10-24T17:38:59+0000,jiit9122021-01.pgn
df6fd85b-3582-4fc3-9ad3-cf0851677c3f,114,Live Chess,Chess.com,2021.01.01,-,FilipeCorradini,jiit912,1-0,1087,,1096,,,,FilipeCorradini,1087,jiit912,1096,-9,A00,FilipeCorradini won by resignation,600,2021.01.01,17:33:46,,,2023-10-24T17:38:59+0000,jiit9122021-01.pgn
1293cdd5-b29e-40b7-8c21-abc74daa38fa,115,Live Chess,Chess.com,2021.01.01,-,jiit912,Ceto58,1-0,1105,,1094,,,,jiit912,1105,Ceto58,1094,11,A40,jiit912 won by checkmate,600,2021.01.01,14:17:04,,,2023-10-24T17:38:59+0000,jiit9122021-01.pgn
